date,package,source,downloads
2026-01-16,armoriq-sdk,pypi,234
2026-01-17,armoriq-sdk,pypi,27
2026-01-18,armoriq-sdk,pypi,19
2026-01-19,armoriq-sdk,pypi,10
2026-01-20,armoriq-sdk,pypi,6
2026-01-21,armoriq-sdk,pypi,14
2026-01-22,armoriq-sdk,pypi,4
2026-01-23,armoriq-sdk,pypi,4
2026-01-24,armoriq-sdk,pypi,9
2026-01-25,armoriq-sdk,pypi,1
2026-01-26,armoriq-sdk,pypi,280
2026-01-27,armoriq-sdk,pypi,233
2026-01-28,armoriq-sdk,pypi,668
2026-01-29,armoriq-sdk,pypi,631
2026-01-30,armoriq-sdk,pypi,214
2026-01-31,armoriq-sdk,pypi,169
2026-02-01,armoriq-sdk,pypi,107
2026-02-02,armoriq-sdk,pypi,83
2026-02-03,armoriq-sdk,pypi,109
2026-02-04,armoriq-sdk,pypi,31
2026-02-05,armoriq-sdk,pypi,56
2026-02-06,armoriq-sdk,pypi,75
2026-02-07,armoriq-sdk,pypi,52
2026-02-08,armoriq-sdk,pypi,52
2026-02-09,armoriq-sdk,pypi,30
2026-02-10,armoriq-sdk,pypi,38
2026-02-11,armoriq-sdk,pypi,43
2026-02-12,armoriq-sdk,pypi,47
2026-02-13,armoriq-sdk,pypi,85
2026-02-14,armoriq-sdk,pypi,70
2026-02-15,armoriq-sdk,pypi,32
2026-02-16,armoriq-sdk,pypi,1
2025-02-17,@armoriq/sdk,npm,0
2025-02-18,@armoriq/sdk,npm,0
2025-02-19,@armoriq/sdk,npm,0
2025-02-20,@armoriq/sdk,npm,0
2025-02-21,@armoriq/sdk,npm,0
2025-02-22,@armoriq/sdk,npm,0
2025-02-23,@armoriq/sdk,npm,0
2025-02-24,@armoriq/sdk,npm,0
2025-02-25,@armoriq/sdk,npm,0
2025-02-26,@armoriq/sdk,npm,0
2025-02-27,@armoriq/sdk,npm,0
2025-02-28,@armoriq/sdk,npm,0
2025-03-01,@armoriq/sdk,npm,0
2025-03-02,@armoriq/sdk,npm,0
2025-03-03,@armoriq/sdk,npm,0
2025-03-04,@armoriq/sdk,npm,0
2025-03-05,@armoriq/sdk,npm,0
2025-03-06,@armoriq/sdk,npm,0
2025-03-07,@armoriq/sdk,npm,0
2025-03-08,@armoriq/sdk,npm,0
2025-03-09,@armoriq/sdk,npm,0
2025-03-10,@armoriq/sdk,npm,0
2025-03-11,@armoriq/sdk,npm,0
2025-03-12,@armoriq/sdk,npm,0
2025-03-13,@armoriq/sdk,npm,0
2025-03-14,@armoriq/sdk,npm,0
2025-03-15,@armoriq/sdk,npm,0
2025-03-16,@armoriq/sdk,npm,0
2025-03-17,@armoriq/sdk,npm,0
2025-03-18,@armoriq/sdk,npm,0
2025-03-19,@armoriq/sdk,npm,0
2025-03-20,@armoriq/sdk,npm,0
2025-03-21,@armoriq/sdk,npm,0
2025-03-22,@armoriq/sdk,npm,0
2025-03-23,@armoriq/sdk,npm,0
2025-03-24,@armoriq/sdk,npm,0
2025-03-25,@armoriq/sdk,npm,0
2025-03-26,@armoriq/sdk,npm,0
2025-03-27,@armoriq/sdk,npm,0
2025-03-28,@armoriq/sdk,npm,0
2025-03-29,@armoriq/sdk,npm,0
2025-03-30,@armoriq/sdk,npm,0
2025-03-31,@armoriq/sdk,npm,0
2025-04-01,@armoriq/sdk,npm,0
2025-04-02,@armoriq/sdk,npm,0
2025-04-03,@armoriq/sdk,npm,0
2025-04-04,@armoriq/sdk,npm,0
2025-04-05,@armoriq/sdk,npm,0
2025-04-06,@armoriq/sdk,npm,0
2025-04-07,@armoriq/sdk,npm,0
2025-04-08,@armoriq/sdk,npm,0
2025-04-09,@armoriq/sdk,npm,0
2025-04-10,@armoriq/sdk,npm,0
2025-04-11,@armoriq/sdk,npm,0
2025-04-12,@armoriq/sdk,npm,0
2025-04-13,@armoriq/sdk,npm,0
2025-04-14,@armoriq/sdk,npm,0
2025-04-15,@armoriq/sdk,npm,0
2025-04-16,@armoriq/sdk,npm,0
2025-04-17,@armoriq/sdk,npm,0
2025-04-18,@armoriq/sdk,npm,0
2025-04-19,@armoriq/sdk,npm,0
2025-04-20,@armoriq/sdk,npm,0
2025-04-21,@armoriq/sdk,npm,0
2025-04-22,@armoriq/sdk,npm,0
2025-04-23,@armoriq/sdk,npm,0
2025-04-24,@armoriq/sdk,npm,0
2025-04-25,@armoriq/sdk,npm,0
2025-04-26,@armoriq/sdk,npm,0
2025-04-27,@armoriq/sdk,npm,0
2025-04-28,@armoriq/sdk,npm,0
2025-04-29,@armoriq/sdk,npm,0
2025-04-30,@armoriq/sdk,npm,0
2025-05-01,@armoriq/sdk,npm,0
2025-05-02,@armoriq/sdk,npm,0
2025-05-03,@armoriq/sdk,npm,0
2025-05-04,@armoriq/sdk,npm,0
2025-05-05,@armoriq/sdk,npm,0
2025-05-06,@armoriq/sdk,npm,0
2025-05-07,@armoriq/sdk,npm,0
2025-05-08,@armoriq/sdk,npm,0
2025-05-09,@armoriq/sdk,npm,0
2025-05-10,@armoriq/sdk,npm,0
2025-05-11,@armoriq/sdk,npm,0
2025-05-12,@armoriq/sdk,npm,0
2025-05-13,@armoriq/sdk,npm,0
2025-05-14,@armoriq/sdk,npm,0
2025-05-15,@armoriq/sdk,npm,0
2025-05-16,@armoriq/sdk,npm,0
2025-05-17,@armoriq/sdk,npm,0
2025-05-18,@armoriq/sdk,npm,0
2025-05-19,@armoriq/sdk,npm,0
2025-05-20,@armoriq/sdk,npm,0
2025-05-21,@armoriq/sdk,npm,0
2025-05-22,@armoriq/sdk,npm,0
2025-05-23,@armoriq/sdk,npm,0
2025-05-24,@armoriq/sdk,npm,0
2025-05-25,@armoriq/sdk,npm,0
2025-05-26,@armoriq/sdk,npm,0
2025-05-27,@armoriq/sdk,npm,0
2025-05-28,@armoriq/sdk,npm,0
2025-05-29,@armoriq/sdk,npm,0
2025-05-30,@armoriq/sdk,npm,0
2025-05-31,@armoriq/sdk,npm,0
2025-06-01,@armoriq/sdk,npm,0
2025-06-02,@armoriq/sdk,npm,0
2025-06-03,@armoriq/sdk,npm,0
2025-06-04,@armoriq/sdk,npm,0
2025-06-05,@armoriq/sdk,npm,0
2025-06-06,@armoriq/sdk,npm,0
2025-06-07,@armoriq/sdk,npm,0
2025-06-08,@armoriq/sdk,npm,0
2025-06-09,@armoriq/sdk,npm,0
2025-06-10,@armoriq/sdk,npm,0
2025-06-11,@armoriq/sdk,npm,0
2025-06-12,@armoriq/sdk,npm,0
2025-06-13,@armoriq/sdk,npm,0
2025-06-14,@armoriq/sdk,npm,0
2025-06-15,@armoriq/sdk,npm,0
2025-06-16,@armoriq/sdk,npm,0
2025-06-17,@armoriq/sdk,npm,0
2025-06-18,@armoriq/sdk,npm,0
2025-06-19,@armoriq/sdk,npm,0
2025-06-20,@armoriq/sdk,npm,0
2025-06-21,@armoriq/sdk,npm,0
2025-06-22,@armoriq/sdk,npm,0
2025-06-23,@armoriq/sdk,npm,0
2025-06-24,@armoriq/sdk,npm,0
2025-06-25,@armoriq/sdk,npm,0
2025-06-26,@armoriq/sdk,npm,0
2025-06-27,@armoriq/sdk,npm,0
2025-06-28,@armoriq/sdk,npm,0
2025-06-29,@armoriq/sdk,npm,0
2025-06-30,@armoriq/sdk,npm,0
2025-07-01,@armoriq/sdk,npm,0
2025-07-02,@armoriq/sdk,npm,0
2025-07-03,@armoriq/sdk,npm,0
2025-07-04,@armoriq/sdk,npm,0
2025-07-05,@armoriq/sdk,npm,0
2025-07-06,@armoriq/sdk,npm,0
2025-07-07,@armoriq/sdk,npm,0
2025-07-08,@armoriq/sdk,npm,0
2025-07-09,@armoriq/sdk,npm,0
2025-07-10,@armoriq/sdk,npm,0
2025-07-11,@armoriq/sdk,npm,0
2025-07-12,@armoriq/sdk,npm,0
2025-07-13,@armoriq/sdk,npm,0
2025-07-14,@armoriq/sdk,npm,0
2025-07-15,@armoriq/sdk,npm,0
2025-07-16,@armoriq/sdk,npm,0
2025-07-17,@armoriq/sdk,npm,0
2025-07-18,@armoriq/sdk,npm,0
2025-07-19,@armoriq/sdk,npm,0
2025-07-20,@armoriq/sdk,npm,0
2025-07-21,@armoriq/sdk,npm,0
2025-07-22,@armoriq/sdk,npm,0
2025-07-23,@armoriq/sdk,npm,0
2025-07-24,@armoriq/sdk,npm,0
2025-07-25,@armoriq/sdk,npm,0
2025-07-26,@armoriq/sdk,npm,0
2025-07-27,@armoriq/sdk,npm,0
2025-07-28,@armoriq/sdk,npm,0
2025-07-29,@armoriq/sdk,npm,0
2025-07-30,@armoriq/sdk,npm,0
2025-07-31,@armoriq/sdk,npm,0
2025-08-01,@armoriq/sdk,npm,0
2025-08-02,@armoriq/sdk,npm,0
2025-08-03,@armoriq/sdk,npm,0
2025-08-04,@armoriq/sdk,npm,0
2025-08-05,@armoriq/sdk,npm,0
2025-08-06,@armoriq/sdk,npm,0
2025-08-07,@armoriq/sdk,npm,0
2025-08-08,@armoriq/sdk,npm,0
2025-08-09,@armoriq/sdk,npm,0
2025-08-10,@armoriq/sdk,npm,0
2025-08-11,@armoriq/sdk,npm,0
2025-08-12,@armoriq/sdk,npm,0
2025-08-13,@armoriq/sdk,npm,0
2025-08-14,@armoriq/sdk,npm,0
2025-08-15,@armoriq/sdk,npm,0
2025-08-16,@armoriq/sdk,npm,0
2025-08-17,@armoriq/sdk,npm,0
2025-08-18,@armoriq/sdk,npm,0
2025-08-19,@armoriq/sdk,npm,0
2025-08-20,@armoriq/sdk,npm,0
2025-08-21,@armoriq/sdk,npm,0
2025-08-22,@armoriq/sdk,npm,0
2025-08-23,@armoriq/sdk,npm,0
2025-08-24,@armoriq/sdk,npm,0
2025-08-25,@armoriq/sdk,npm,0
2025-08-26,@armoriq/sdk,npm,0
2025-08-27,@armoriq/sdk,npm,0
2025-08-28,@armoriq/sdk,npm,0
2025-08-29,@armoriq/sdk,npm,0
2025-08-30,@armoriq/sdk,npm,0
2025-08-31,@armoriq/sdk,npm,0
2025-09-01,@armoriq/sdk,npm,0
2025-09-02,@armoriq/sdk,npm,0
2025-09-03,@armoriq/sdk,npm,0
2025-09-04,@armoriq/sdk,npm,0
2025-09-05,@armoriq/sdk,npm,0
2025-09-06,@armoriq/sdk,npm,0
2025-09-07,@armoriq/sdk,npm,0
2025-09-08,@armoriq/sdk,npm,0
2025-09-09,@armoriq/sdk,npm,0
2025-09-10,@armoriq/sdk,npm,0
2025-09-11,@armoriq/sdk,npm,0
2025-09-12,@armoriq/sdk,npm,0
2025-09-13,@armoriq/sdk,npm,0
2025-09-14,@armoriq/sdk,npm,0
2025-09-15,@armoriq/sdk,npm,0
2025-09-16,@armoriq/sdk,npm,0
2025-09-17,@armoriq/sdk,npm,0
2025-09-18,@armoriq/sdk,npm,0
2025-09-19,@armoriq/sdk,npm,0
2025-09-20,@armoriq/sdk,npm,0
2025-09-21,@armoriq/sdk,npm,0
2025-09-22,@armoriq/sdk,npm,0
2025-09-23,@armoriq/sdk,npm,0
2025-09-24,@armoriq/sdk,npm,0
2025-09-25,@armoriq/sdk,npm,0
2025-09-26,@armoriq/sdk,npm,0
2025-09-27,@armoriq/sdk,npm,0
2025-09-28,@armoriq/sdk,npm,0
2025-09-29,@armoriq/sdk,npm,0
2025-09-30,@armoriq/sdk,npm,0
2025-10-01,@armoriq/sdk,npm,0
2025-10-02,@armoriq/sdk,npm,0
2025-10-03,@armoriq/sdk,npm,0
2025-10-04,@armoriq/sdk,npm,0
2025-10-05,@armoriq/sdk,npm,0
2025-10-06,@armoriq/sdk,npm,0
2025-10-07,@armoriq/sdk,npm,0
2025-10-08,@armoriq/sdk,npm,0
2025-10-09,@armoriq/sdk,npm,0
2025-10-10,@armoriq/sdk,npm,0
2025-10-11,@armoriq/sdk,npm,0
2025-10-12,@armoriq/sdk,npm,0
2025-10-13,@armoriq/sdk,npm,0
2025-10-14,@armoriq/sdk,npm,0
2025-10-15,@armoriq/sdk,npm,0
2025-10-16,@armoriq/sdk,npm,0
2025-10-17,@armoriq/sdk,npm,0
2025-10-18,@armoriq/sdk,npm,0
2025-10-19,@armoriq/sdk,npm,0
2025-10-20,@armoriq/sdk,npm,0
2025-10-21,@armoriq/sdk,npm,0
2025-10-22,@armoriq/sdk,npm,0
2025-10-23,@armoriq/sdk,npm,0
2025-10-24,@armoriq/sdk,npm,0
2025-10-25,@armoriq/sdk,npm,0
2025-10-26,@armoriq/sdk,npm,0
2025-10-27,@armoriq/sdk,npm,0
2025-10-28,@armoriq/sdk,npm,0
2025-10-29,@armoriq/sdk,npm,0
2025-10-30,@armoriq/sdk,npm,0
2025-10-31,@armoriq/sdk,npm,0
2025-11-01,@armoriq/sdk,npm,0
2025-11-02,@armoriq/sdk,npm,0
2025-11-03,@armoriq/sdk,npm,0
2025-11-04,@armoriq/sdk,npm,0
2025-11-05,@armoriq/sdk,npm,0
2025-11-06,@armoriq/sdk,npm,0
2025-11-07,@armoriq/sdk,npm,0
2025-11-08,@armoriq/sdk,npm,0
2025-11-09,@armoriq/sdk,npm,0
2025-11-10,@armoriq/sdk,npm,0
2025-11-11,@armoriq/sdk,npm,0
2025-11-12,@armoriq/sdk,npm,0
2025-11-13,@armoriq/sdk,npm,0
2025-11-14,@armoriq/sdk,npm,0
2025-11-15,@armoriq/sdk,npm,0
2025-11-16,@armoriq/sdk,npm,0
2025-11-17,@armoriq/sdk,npm,0
2025-11-18,@armoriq/sdk,npm,0
2025-11-19,@armoriq/sdk,npm,0
2025-11-20,@armoriq/sdk,npm,0
2025-11-21,@armoriq/sdk,npm,0
2025-11-22,@armoriq/sdk,npm,0
2025-11-23,@armoriq/sdk,npm,0
2025-11-24,@armoriq/sdk,npm,0
2025-11-25,@armoriq/sdk,npm,0
2025-11-26,@armoriq/sdk,npm,0
2025-11-27,@armoriq/sdk,npm,0
2025-11-28,@armoriq/sdk,npm,0
2025-11-29,@armoriq/sdk,npm,0
2025-11-30,@armoriq/sdk,npm,0
2025-12-01,@armoriq/sdk,npm,0
2025-12-02,@armoriq/sdk,npm,0
2025-12-03,@armoriq/sdk,npm,0
2025-12-04,@armoriq/sdk,npm,0
2025-12-05,@armoriq/sdk,npm,0
2025-12-06,@armoriq/sdk,npm,0
2025-12-07,@armoriq/sdk,npm,0
2025-12-08,@armoriq/sdk,npm,0
2025-12-09,@armoriq/sdk,npm,0
2025-12-10,@armoriq/sdk,npm,0
2025-12-11,@armoriq/sdk,npm,0
2025-12-12,@armoriq/sdk,npm,0
2025-12-13,@armoriq/sdk,npm,0
2025-12-14,@armoriq/sdk,npm,0
2025-12-15,@armoriq/sdk,npm,0
2025-12-16,@armoriq/sdk,npm,0
2025-12-17,@armoriq/sdk,npm,0
2025-12-18,@armoriq/sdk,npm,0
2025-12-19,@armoriq/sdk,npm,0
2025-12-20,@armoriq/sdk,npm,0
2025-12-21,@armoriq/sdk,npm,0
2025-12-22,@armoriq/sdk,npm,0
2025-12-23,@armoriq/sdk,npm,0
2025-12-24,@armoriq/sdk,npm,0
2025-12-25,@armoriq/sdk,npm,0
2025-12-26,@armoriq/sdk,npm,0
2025-12-27,@armoriq/sdk,npm,0
2025-12-28,@armoriq/sdk,npm,0
2025-12-29,@armoriq/sdk,npm,0
2025-12-30,@armoriq/sdk,npm,0
2025-12-31,@armoriq/sdk,npm,0
2026-01-01,@armoriq/sdk,npm,0
2026-01-02,@armoriq/sdk,npm,0
2026-01-03,@armoriq/sdk,npm,0
2026-01-04,@armoriq/sdk,npm,0
2026-01-05,@armoriq/sdk,npm,0
2026-01-06,@armoriq/sdk,npm,0
2026-01-07,@armoriq/sdk,npm,0
2026-01-08,@armoriq/sdk,npm,0
2026-01-09,@armoriq/sdk,npm,0
2026-01-10,@armoriq/sdk,npm,0
2026-01-11,@armoriq/sdk,npm,0
2026-01-12,@armoriq/sdk,npm,0
2026-01-13,@armoriq/sdk,npm,0
2026-01-14,@armoriq/sdk,npm,0
2026-01-15,@armoriq/sdk,npm,0
2026-01-16,@armoriq/sdk,npm,0
2026-01-17,@armoriq/sdk,npm,0
2026-01-18,@armoriq/sdk,npm,0
2026-01-19,@armoriq/sdk,npm,0
2026-01-20,@armoriq/sdk,npm,0
2026-01-21,@armoriq/sdk,npm,0
2026-01-22,@armoriq/sdk,npm,0
2026-01-23,@armoriq/sdk,npm,0
2026-01-24,@armoriq/sdk,npm,0
2026-01-25,@armoriq/sdk,npm,0
2026-01-26,@armoriq/sdk,npm,0
2026-01-27,@armoriq/sdk,npm,0
2026-01-28,@armoriq/sdk,npm,0
2026-01-29,@armoriq/sdk,npm,0
2026-01-30,@armoriq/sdk,npm,0
2026-01-31,@armoriq/sdk,npm,0
2026-02-01,@armoriq/sdk,npm,0
2026-02-02,@armoriq/sdk,npm,0
2026-02-03,@armoriq/sdk,npm,0
2026-02-04,@armoriq/sdk,npm,14
2026-02-05,@armoriq/sdk,npm,8
2026-02-06,@armoriq/sdk,npm,15
2026-02-07,@armoriq/sdk,npm,35
2026-02-08,@armoriq/sdk,npm,2
2026-02-09,@armoriq/sdk,npm,0
2026-02-10,@armoriq/sdk,npm,1
2026-02-11,@armoriq/sdk,npm,11
2026-02-12,@armoriq/sdk,npm,8
2026-02-13,@armoriq/sdk,npm,8
2026-02-14,@armoriq/sdk,npm,2
2026-02-15,@armoriq/sdk,npm,10
2026-02-16,@armoriq/sdk,npm,0
2025-02-17,armoriq-openclaw-plugin,npm,0
2025-02-18,armoriq-openclaw-plugin,npm,0
2025-02-19,armoriq-openclaw-plugin,npm,0
2025-02-20,armoriq-openclaw-plugin,npm,0
2025-02-21,armoriq-openclaw-plugin,npm,0
2025-02-22,armoriq-openclaw-plugin,npm,0
2025-02-23,armoriq-openclaw-plugin,npm,0
2025-02-24,armoriq-openclaw-plugin,npm,0
2025-02-25,armoriq-openclaw-plugin,npm,0
2025-02-26,armoriq-openclaw-plugin,npm,0
2025-02-27,armoriq-openclaw-plugin,npm,0
2025-02-28,armoriq-openclaw-plugin,npm,0
2025-03-01,armoriq-openclaw-plugin,npm,0
2025-03-02,armoriq-openclaw-plugin,npm,0
2025-03-03,armoriq-openclaw-plugin,npm,0
2025-03-04,armoriq-openclaw-plugin,npm,0
2025-03-05,armoriq-openclaw-plugin,npm,0
2025-03-06,armoriq-openclaw-plugin,npm,0
2025-03-07,armoriq-openclaw-plugin,npm,0
2025-03-08,armoriq-openclaw-plugin,npm,0
2025-03-09,armoriq-openclaw-plugin,npm,0
2025-03-10,armoriq-openclaw-plugin,npm,0
2025-03-11,armoriq-openclaw-plugin,npm,0
2025-03-12,armoriq-openclaw-plugin,npm,0
2025-03-13,armoriq-openclaw-plugin,npm,0
2025-03-14,armoriq-openclaw-plugin,npm,0
2025-03-15,armoriq-openclaw-plugin,npm,0
2025-03-16,armoriq-openclaw-plugin,npm,0
2025-03-17,armoriq-openclaw-plugin,npm,0
2025-03-18,armoriq-openclaw-plugin,npm,0
2025-03-19,armoriq-openclaw-plugin,npm,0
2025-03-20,armoriq-openclaw-plugin,npm,0
2025-03-21,armoriq-openclaw-plugin,npm,0
2025-03-22,armoriq-openclaw-plugin,npm,0
2025-03-23,armoriq-openclaw-plugin,npm,0
2025-03-24,armoriq-openclaw-plugin,npm,0
2025-03-25,armoriq-openclaw-plugin,npm,0
2025-03-26,armoriq-openclaw-plugin,npm,0
2025-03-27,armoriq-openclaw-plugin,npm,0
2025-03-28,armoriq-openclaw-plugin,npm,0
2025-03-29,armoriq-openclaw-plugin,npm,0
2025-03-30,armoriq-openclaw-plugin,npm,0
2025-03-31,armoriq-openclaw-plugin,npm,0
2025-04-01,armoriq-openclaw-plugin,npm,0
2025-04-02,armoriq-openclaw-plugin,npm,0
2025-04-03,armoriq-openclaw-plugin,npm,0
2025-04-04,armoriq-openclaw-plugin,npm,0
2025-04-05,armoriq-openclaw-plugin,npm,0
2025-04-06,armoriq-openclaw-plugin,npm,0
2025-04-07,armoriq-openclaw-plugin,npm,0
2025-04-08,armoriq-openclaw-plugin,npm,0
2025-04-09,armoriq-openclaw-plugin,npm,0
2025-04-10,armoriq-openclaw-plugin,npm,0
2025-04-11,armoriq-openclaw-plugin,npm,0
2025-04-12,armoriq-openclaw-plugin,npm,0
2025-04-13,armoriq-openclaw-plugin,npm,0
2025-04-14,armoriq-openclaw-plugin,npm,0
2025-04-15,armoriq-openclaw-plugin,npm,0
2025-04-16,armoriq-openclaw-plugin,npm,0
2025-04-17,armoriq-openclaw-plugin,npm,0
2025-04-18,armoriq-openclaw-plugin,npm,0
2025-04-19,armoriq-openclaw-plugin,npm,0
2025-04-20,armoriq-openclaw-plugin,npm,0
2025-04-21,armoriq-openclaw-plugin,npm,0
2025-04-22,armoriq-openclaw-plugin,npm,0
2025-04-23,armoriq-openclaw-plugin,npm,0
2025-04-24,armoriq-openclaw-plugin,npm,0
2025-04-25,armoriq-openclaw-plugin,npm,0
2025-04-26,armoriq-openclaw-plugin,npm,0
2025-04-27,armoriq-openclaw-plugin,npm,0
2025-04-28,armoriq-openclaw-plugin,npm,0
2025-04-29,armoriq-openclaw-plugin,npm,0
2025-04-30,armoriq-openclaw-plugin,npm,0
2025-05-01,armoriq-openclaw-plugin,npm,0
2025-05-02,armoriq-openclaw-plugin,npm,0
2025-05-03,armoriq-openclaw-plugin,npm,0
2025-05-04,armoriq-openclaw-plugin,npm,0
2025-05-05,armoriq-openclaw-plugin,npm,0
2025-05-06,armoriq-openclaw-plugin,npm,0
2025-05-07,armoriq-openclaw-plugin,npm,0
2025-05-08,armoriq-openclaw-plugin,npm,0
2025-05-09,armoriq-openclaw-plugin,npm,0
2025-05-10,armoriq-openclaw-plugin,npm,0
2025-05-11,armoriq-openclaw-plugin,npm,0
2025-05-12,armoriq-openclaw-plugin,npm,0
2025-05-13,armoriq-openclaw-plugin,npm,0
2025-05-14,armoriq-openclaw-plugin,npm,0
2025-05-15,armoriq-openclaw-plugin,npm,0
2025-05-16,armoriq-openclaw-plugin,npm,0
2025-05-17,armoriq-openclaw-plugin,npm,0
2025-05-18,armoriq-openclaw-plugin,npm,0
2025-05-19,armoriq-openclaw-plugin,npm,0
2025-05-20,armoriq-openclaw-plugin,npm,0
2025-05-21,armoriq-openclaw-plugin,npm,0
2025-05-22,armoriq-openclaw-plugin,npm,0
2025-05-23,armoriq-openclaw-plugin,npm,0
2025-05-24,armoriq-openclaw-plugin,npm,0
2025-05-25,armoriq-openclaw-plugin,npm,0
2025-05-26,armoriq-openclaw-plugin,npm,0
2025-05-27,armoriq-openclaw-plugin,npm,0
2025-05-28,armoriq-openclaw-plugin,npm,0
2025-05-29,armoriq-openclaw-plugin,npm,0
2025-05-30,armoriq-openclaw-plugin,npm,0
2025-05-31,armoriq-openclaw-plugin,npm,0
2025-06-01,armoriq-openclaw-plugin,npm,0
2025-06-02,armoriq-openclaw-plugin,npm,0
2025-06-03,armoriq-openclaw-plugin,npm,0
2025-06-04,armoriq-openclaw-plugin,npm,0
2025-06-05,armoriq-openclaw-plugin,npm,0
2025-06-06,armoriq-openclaw-plugin,npm,0
2025-06-07,armoriq-openclaw-plugin,npm,0
2025-06-08,armoriq-openclaw-plugin,npm,0
2025-06-09,armoriq-openclaw-plugin,npm,0
2025-06-10,armoriq-openclaw-plugin,npm,0
2025-06-11,armoriq-openclaw-plugin,npm,0
2025-06-12,armoriq-openclaw-plugin,npm,0
2025-06-13,armoriq-openclaw-plugin,npm,0
2025-06-14,armoriq-openclaw-plugin,npm,0
2025-06-15,armoriq-openclaw-plugin,npm,0
2025-06-16,armoriq-openclaw-plugin,npm,0
2025-06-17,armoriq-openclaw-plugin,npm,0
2025-06-18,armoriq-openclaw-plugin,npm,0
2025-06-19,armoriq-openclaw-plugin,npm,0
2025-06-20,armoriq-openclaw-plugin,npm,0
2025-06-21,armoriq-openclaw-plugin,npm,0
2025-06-22,armoriq-openclaw-plugin,npm,0
2025-06-23,armoriq-openclaw-plugin,npm,0
2025-06-24,armoriq-openclaw-plugin,npm,0
2025-06-25,armoriq-openclaw-plugin,npm,0
2025-06-26,armoriq-openclaw-plugin,npm,0
2025-06-27,armoriq-openclaw-plugin,npm,0
2025-06-28,armoriq-openclaw-plugin,npm,0
2025-06-29,armoriq-openclaw-plugin,npm,0
2025-06-30,armoriq-openclaw-plugin,npm,0
2025-07-01,armoriq-openclaw-plugin,npm,0
2025-07-02,armoriq-openclaw-plugin,npm,0
2025-07-03,armoriq-openclaw-plugin,npm,0
2025-07-04,armoriq-openclaw-plugin,npm,0
2025-07-05,armoriq-openclaw-plugin,npm,0
2025-07-06,armoriq-openclaw-plugin,npm,0
2025-07-07,armoriq-openclaw-plugin,npm,0
2025-07-08,armoriq-openclaw-plugin,npm,0
2025-07-09,armoriq-openclaw-plugin,npm,0
2025-07-10,armoriq-openclaw-plugin,npm,0
2025-07-11,armoriq-openclaw-plugin,npm,0
2025-07-12,armoriq-openclaw-plugin,npm,0
2025-07-13,armoriq-openclaw-plugin,npm,0
2025-07-14,armoriq-openclaw-plugin,npm,0
2025-07-15,armoriq-openclaw-plugin,npm,0
2025-07-16,armoriq-openclaw-plugin,npm,0
2025-07-17,armoriq-openclaw-plugin,npm,0
2025-07-18,armoriq-openclaw-plugin,npm,0
2025-07-19,armoriq-openclaw-plugin,npm,0
2025-07-20,armoriq-openclaw-plugin,npm,0
2025-07-21,armoriq-openclaw-plugin,npm,0
2025-07-22,armoriq-openclaw-plugin,npm,0
2025-07-23,armoriq-openclaw-plugin,npm,0
2025-07-24,armoriq-openclaw-plugin,npm,0
2025-07-25,armoriq-openclaw-plugin,npm,0
2025-07-26,armoriq-openclaw-plugin,npm,0
2025-07-27,armoriq-openclaw-plugin,npm,0
2025-07-28,armoriq-openclaw-plugin,npm,0
2025-07-29,armoriq-openclaw-plugin,npm,0
2025-07-30,armoriq-openclaw-plugin,npm,0
2025-07-31,armoriq-openclaw-plugin,npm,0
2025-08-01,armoriq-openclaw-plugin,npm,0
2025-08-02,armoriq-openclaw-plugin,npm,0
2025-08-03,armoriq-openclaw-plugin,npm,0
2025-08-04,armoriq-openclaw-plugin,npm,0
2025-08-05,armoriq-openclaw-plugin,npm,0
2025-08-06,armoriq-openclaw-plugin,npm,0
2025-08-07,armoriq-openclaw-plugin,npm,0
2025-08-08,armoriq-openclaw-plugin,npm,0
2025-08-09,armoriq-openclaw-plugin,npm,0
2025-08-10,armoriq-openclaw-plugin,npm,0
2025-08-11,armoriq-openclaw-plugin,npm,0
2025-08-12,armoriq-openclaw-plugin,npm,0
2025-08-13,armoriq-openclaw-plugin,npm,0
2025-08-14,armoriq-openclaw-plugin,npm,0
2025-08-15,armoriq-openclaw-plugin,npm,0
2025-08-16,armoriq-openclaw-plugin,npm,0
2025-08-17,armoriq-openclaw-plugin,npm,0
2025-08-18,armoriq-openclaw-plugin,npm,0
2025-08-19,armoriq-openclaw-plugin,npm,0
2025-08-20,armoriq-openclaw-plugin,npm,0
2025-08-21,armoriq-openclaw-plugin,npm,0
2025-08-22,armoriq-openclaw-plugin,npm,0
2025-08-23,armoriq-openclaw-plugin,npm,0
2025-08-24,armoriq-openclaw-plugin,npm,0
2025-08-25,armoriq-openclaw-plugin,npm,0
2025-08-26,armoriq-openclaw-plugin,npm,0
2025-08-27,armoriq-openclaw-plugin,npm,0
2025-08-28,armoriq-openclaw-plugin,npm,0
2025-08-29,armoriq-openclaw-plugin,npm,0
2025-08-30,armoriq-openclaw-plugin,npm,0
2025-08-31,armoriq-openclaw-plugin,npm,0
2025-09-01,armoriq-openclaw-plugin,npm,0
2025-09-02,armoriq-openclaw-plugin,npm,0
2025-09-03,armoriq-openclaw-plugin,npm,0
2025-09-04,armoriq-openclaw-plugin,npm,0
2025-09-05,armoriq-openclaw-plugin,npm,0
2025-09-06,armoriq-openclaw-plugin,npm,0
2025-09-07,armoriq-openclaw-plugin,npm,0
2025-09-08,armoriq-openclaw-plugin,npm,0
2025-09-09,armoriq-openclaw-plugin,npm,0
2025-09-10,armoriq-openclaw-plugin,npm,0
2025-09-11,armoriq-openclaw-plugin,npm,0
2025-09-12,armoriq-openclaw-plugin,npm,0
2025-09-13,armoriq-openclaw-plugin,npm,0
2025-09-14,armoriq-openclaw-plugin,npm,0
2025-09-15,armoriq-openclaw-plugin,npm,0
2025-09-16,armoriq-openclaw-plugin,npm,0
2025-09-17,armoriq-openclaw-plugin,npm,0
2025-09-18,armoriq-openclaw-plugin,npm,0
2025-09-19,armoriq-openclaw-plugin,npm,0
2025-09-20,armoriq-openclaw-plugin,npm,0
2025-09-21,armoriq-openclaw-plugin,npm,0
2025-09-22,armoriq-openclaw-plugin,npm,0
2025-09-23,armoriq-openclaw-plugin,npm,0
2025-09-24,armoriq-openclaw-plugin,npm,0
2025-09-25,armoriq-openclaw-plugin,npm,0
2025-09-26,armoriq-openclaw-plugin,npm,0
2025-09-27,armoriq-openclaw-plugin,npm,0
2025-09-28,armoriq-openclaw-plugin,npm,0
2025-09-29,armoriq-openclaw-plugin,npm,0
2025-09-30,armoriq-openclaw-plugin,npm,0
2025-10-01,armoriq-openclaw-plugin,npm,0
2025-10-02,armoriq-openclaw-plugin,npm,0
2025-10-03,armoriq-openclaw-plugin,npm,0
2025-10-04,armoriq-openclaw-plugin,npm,0
2025-10-05,armoriq-openclaw-plugin,npm,0
2025-10-06,armoriq-openclaw-plugin,npm,0
2025-10-07,armoriq-openclaw-plugin,npm,0
2025-10-08,armoriq-openclaw-plugin,npm,0
2025-10-09,armoriq-openclaw-plugin,npm,0
2025-10-10,armoriq-openclaw-plugin,npm,0
2025-10-11,armoriq-openclaw-plugin,npm,0
2025-10-12,armoriq-openclaw-plugin,npm,0
2025-10-13,armoriq-openclaw-plugin,npm,0
2025-10-14,armoriq-openclaw-plugin,npm,0
2025-10-15,armoriq-openclaw-plugin,npm,0
2025-10-16,armoriq-openclaw-plugin,npm,0
2025-10-17,armoriq-openclaw-plugin,npm,0
2025-10-18,armoriq-openclaw-plugin,npm,0
2025-10-19,armoriq-openclaw-plugin,npm,0
2025-10-20,armoriq-openclaw-plugin,npm,0
2025-10-21,armoriq-openclaw-plugin,npm,0
2025-10-22,armoriq-openclaw-plugin,npm,0
2025-10-23,armoriq-openclaw-plugin,npm,0
2025-10-24,armoriq-openclaw-plugin,npm,0
2025-10-25,armoriq-openclaw-plugin,npm,0
2025-10-26,armoriq-openclaw-plugin,npm,0
2025-10-27,armoriq-openclaw-plugin,npm,0
2025-10-28,armoriq-openclaw-plugin,npm,0
2025-10-29,armoriq-openclaw-plugin,npm,0
2025-10-30,armoriq-openclaw-plugin,npm,0
2025-10-31,armoriq-openclaw-plugin,npm,0
2025-11-01,armoriq-openclaw-plugin,npm,0
2025-11-02,armoriq-openclaw-plugin,npm,0
2025-11-03,armoriq-openclaw-plugin,npm,0
2025-11-04,armoriq-openclaw-plugin,npm,0
2025-11-05,armoriq-openclaw-plugin,npm,0
2025-11-06,armoriq-openclaw-plugin,npm,0
2025-11-07,armoriq-openclaw-plugin,npm,0
2025-11-08,armoriq-openclaw-plugin,npm,0
2025-11-09,armoriq-openclaw-plugin,npm,0
2025-11-10,armoriq-openclaw-plugin,npm,0
2025-11-11,armoriq-openclaw-plugin,npm,0
2025-11-12,armoriq-openclaw-plugin,npm,0
2025-11-13,armoriq-openclaw-plugin,npm,0
2025-11-14,armoriq-openclaw-plugin,npm,0
2025-11-15,armoriq-openclaw-plugin,npm,0
2025-11-16,armoriq-openclaw-plugin,npm,0
2025-11-17,armoriq-openclaw-plugin,npm,0
2025-11-18,armoriq-openclaw-plugin,npm,0
2025-11-19,armoriq-openclaw-plugin,npm,0
2025-11-20,armoriq-openclaw-plugin,npm,0
2025-11-21,armoriq-openclaw-plugin,npm,0
2025-11-22,armoriq-openclaw-plugin,npm,0
2025-11-23,armoriq-openclaw-plugin,npm,0
2025-11-24,armoriq-openclaw-plugin,npm,0
2025-11-25,armoriq-openclaw-plugin,npm,0
2025-11-26,armoriq-openclaw-plugin,npm,0
2025-11-27,armoriq-openclaw-plugin,npm,0
2025-11-28,armoriq-openclaw-plugin,npm,0
2025-11-29,armoriq-openclaw-plugin,npm,0
2025-11-30,armoriq-openclaw-plugin,npm,0
2025-12-01,armoriq-openclaw-plugin,npm,0
2025-12-02,armoriq-openclaw-plugin,npm,0
2025-12-03,armoriq-openclaw-plugin,npm,0
2025-12-04,armoriq-openclaw-plugin,npm,0
2025-12-05,armoriq-openclaw-plugin,npm,0
2025-12-06,armoriq-openclaw-plugin,npm,0
2025-12-07,armoriq-openclaw-plugin,npm,0
2025-12-08,armoriq-openclaw-plugin,npm,0
2025-12-09,armoriq-openclaw-plugin,npm,0
2025-12-10,armoriq-openclaw-plugin,npm,0
2025-12-11,armoriq-openclaw-plugin,npm,0
2025-12-12,armoriq-openclaw-plugin,npm,0
2025-12-13,armoriq-openclaw-plugin,npm,0
2025-12-14,armoriq-openclaw-plugin,npm,0
2025-12-15,armoriq-openclaw-plugin,npm,0
2025-12-16,armoriq-openclaw-plugin,npm,0
2025-12-17,armoriq-openclaw-plugin,npm,0
2025-12-18,armoriq-openclaw-plugin,npm,0
2025-12-19,armoriq-openclaw-plugin,npm,0
2025-12-20,armoriq-openclaw-plugin,npm,0
2025-12-21,armoriq-openclaw-plugin,npm,0
2025-12-22,armoriq-openclaw-plugin,npm,0
2025-12-23,armoriq-openclaw-plugin,npm,0
2025-12-24,armoriq-openclaw-plugin,npm,0
2025-12-25,armoriq-openclaw-plugin,npm,0
2025-12-26,armoriq-openclaw-plugin,npm,0
2025-12-27,armoriq-openclaw-plugin,npm,0
2025-12-28,armoriq-openclaw-plugin,npm,0
2025-12-29,armoriq-openclaw-plugin,npm,0
2025-12-30,armoriq-openclaw-plugin,npm,0
2025-12-31,armoriq-openclaw-plugin,npm,0
2026-01-01,armoriq-openclaw-plugin,npm,0
2026-01-02,armoriq-openclaw-plugin,npm,0
2026-01-03,armoriq-openclaw-plugin,npm,0
2026-01-04,armoriq-openclaw-plugin,npm,0
2026-01-05,armoriq-openclaw-plugin,npm,0
2026-01-06,armoriq-openclaw-plugin,npm,0
2026-01-07,armoriq-openclaw-plugin,npm,0
2026-01-08,armoriq-openclaw-plugin,npm,0
2026-01-09,armoriq-openclaw-plugin,npm,0
2026-01-10,armoriq-openclaw-plugin,npm,0
2026-01-11,armoriq-openclaw-plugin,npm,0
2026-01-12,armoriq-openclaw-plugin,npm,0
2026-01-13,armoriq-openclaw-plugin,npm,0
2026-01-14,armoriq-openclaw-plugin,npm,0
2026-01-15,armoriq-openclaw-plugin,npm,0
2026-01-16,armoriq-openclaw-plugin,npm,0
2026-01-17,armoriq-openclaw-plugin,npm,0
2026-01-18,armoriq-openclaw-plugin,npm,0
2026-01-19,armoriq-openclaw-plugin,npm,0
2026-01-20,armoriq-openclaw-plugin,npm,0
2026-01-21,armoriq-openclaw-plugin,npm,0
2026-01-22,armoriq-openclaw-plugin,npm,0
2026-01-23,armoriq-openclaw-plugin,npm,0
2026-01-24,armoriq-openclaw-plugin,npm,0
2026-01-25,armoriq-openclaw-plugin,npm,0
2026-01-26,armoriq-openclaw-plugin,npm,0
2026-01-27,armoriq-openclaw-plugin,npm,0
2026-01-28,armoriq-openclaw-plugin,npm,0
2026-01-29,armoriq-openclaw-plugin,npm,0
2026-01-30,armoriq-openclaw-plugin,npm,0
2026-01-31,armoriq-openclaw-plugin,npm,0
2026-02-01,armoriq-openclaw-plugin,npm,0
2026-02-02,armoriq-openclaw-plugin,npm,0
2026-02-03,armoriq-openclaw-plugin,npm,0
2026-02-04,armoriq-openclaw-plugin,npm,0
2026-02-05,armoriq-openclaw-plugin,npm,0
2026-02-06,armoriq-openclaw-plugin,npm,0
2026-02-07,armoriq-openclaw-plugin,npm,0
2026-02-08,armoriq-openclaw-plugin,npm,0
2026-02-09,armoriq-openclaw-plugin,npm,0
2026-02-10,armoriq-openclaw-plugin,npm,0
2026-02-11,armoriq-openclaw-plugin,npm,155
2026-02-12,armoriq-openclaw-plugin,npm,16
2026-02-13,armoriq-openclaw-plugin,npm,6
2026-02-14,armoriq-openclaw-plugin,npm,4
2026-02-15,armoriq-openclaw-plugin,npm,1
2026-02-16,armoriq-openclaw-plugin,npm,4
2026-02-17,armoriq-sdk,pypi,2
2026-02-17,@armoriq/sdk,npm,0
2026-02-17,armoriq-openclaw-plugin,npm,0
2026-02-18,armoriq/armorclaw,github_stars,1
2026-02-18,armoriq/armorclaw,github_forks,0
2026-02-18,armoriq/armorclaw,github_open_issues,1
2026-02-18,armoriq/armoriq-sdk-customer,github_stars,1
2026-02-18,armoriq/armoriq-sdk-customer,github_forks,1
2026-02-18,armoriq/armoriq-sdk-customer,github_open_issues,0
2026-02-18,armoriq/conmap,github_stars,1
2026-02-18,armoriq/conmap,github_forks,1
2026-02-18,armoriq/conmap,github_open_issues,3
2025-02-18,@armoriq/armorclaw,npm,0
2025-02-19,@armoriq/armorclaw,npm,0
2025-02-20,@armoriq/armorclaw,npm,0
2025-02-21,@armoriq/armorclaw,npm,0
2025-02-22,@armoriq/armorclaw,npm,0
2025-02-23,@armoriq/armorclaw,npm,0
2025-02-24,@armoriq/armorclaw,npm,0
2025-02-25,@armoriq/armorclaw,npm,0
2025-02-26,@armoriq/armorclaw,npm,0
2025-02-27,@armoriq/armorclaw,npm,0
2025-02-28,@armoriq/armorclaw,npm,0
2025-03-01,@armoriq/armorclaw,npm,0
2025-03-02,@armoriq/armorclaw,npm,0
2025-03-03,@armoriq/armorclaw,npm,0
2025-03-04,@armoriq/armorclaw,npm,0
2025-03-05,@armoriq/armorclaw,npm,0
2025-03-06,@armoriq/armorclaw,npm,0
2025-03-07,@armoriq/armorclaw,npm,0
2025-03-08,@armoriq/armorclaw,npm,0
2025-03-09,@armoriq/armorclaw,npm,0
2025-03-10,@armoriq/armorclaw,npm,0
2025-03-11,@armoriq/armorclaw,npm,0
2025-03-12,@armoriq/armorclaw,npm,0
2025-03-13,@armoriq/armorclaw,npm,0
2025-03-14,@armoriq/armorclaw,npm,0
2025-03-15,@armoriq/armorclaw,npm,0
2025-03-16,@armoriq/armorclaw,npm,0
2025-03-17,@armoriq/armorclaw,npm,0
2025-03-18,@armoriq/armorclaw,npm,0
2025-03-19,@armoriq/armorclaw,npm,0
2025-03-20,@armoriq/armorclaw,npm,0
2025-03-21,@armoriq/armorclaw,npm,0
2025-03-22,@armoriq/armorclaw,npm,0
2025-03-23,@armoriq/armorclaw,npm,0
2025-03-24,@armoriq/armorclaw,npm,0
2025-03-25,@armoriq/armorclaw,npm,0
2025-03-26,@armoriq/armorclaw,npm,0
2025-03-27,@armoriq/armorclaw,npm,0
2025-03-28,@armoriq/armorclaw,npm,0
2025-03-29,@armoriq/armorclaw,npm,0
2025-03-30,@armoriq/armorclaw,npm,0
2025-03-31,@armoriq/armorclaw,npm,0
2025-04-01,@armoriq/armorclaw,npm,0
2025-04-02,@armoriq/armorclaw,npm,0
2025-04-03,@armoriq/armorclaw,npm,0
2025-04-04,@armoriq/armorclaw,npm,0
2025-04-05,@armoriq/armorclaw,npm,0
2025-04-06,@armoriq/armorclaw,npm,0
2025-04-07,@armoriq/armorclaw,npm,0
2025-04-08,@armoriq/armorclaw,npm,0
2025-04-09,@armoriq/armorclaw,npm,0
2025-04-10,@armoriq/armorclaw,npm,0
2025-04-11,@armoriq/armorclaw,npm,0
2025-04-12,@armoriq/armorclaw,npm,0
2025-04-13,@armoriq/armorclaw,npm,0
2025-04-14,@armoriq/armorclaw,npm,0
2025-04-15,@armoriq/armorclaw,npm,0
2025-04-16,@armoriq/armorclaw,npm,0
2025-04-17,@armoriq/armorclaw,npm,0
2025-04-18,@armoriq/armorclaw,npm,0
2025-04-19,@armoriq/armorclaw,npm,0
2025-04-20,@armoriq/armorclaw,npm,0
2025-04-21,@armoriq/armorclaw,npm,0
2025-04-22,@armoriq/armorclaw,npm,0
2025-04-23,@armoriq/armorclaw,npm,0
2025-04-24,@armoriq/armorclaw,npm,0
2025-04-25,@armoriq/armorclaw,npm,0
2025-04-26,@armoriq/armorclaw,npm,0
2025-04-27,@armoriq/armorclaw,npm,0
2025-04-28,@armoriq/armorclaw,npm,0
2025-04-29,@armoriq/armorclaw,npm,0
2025-04-30,@armoriq/armorclaw,npm,0
2025-05-01,@armoriq/armorclaw,npm,0
2025-05-02,@armoriq/armorclaw,npm,0
2025-05-03,@armoriq/armorclaw,npm,0
2025-05-04,@armoriq/armorclaw,npm,0
2025-05-05,@armoriq/armorclaw,npm,0
2025-05-06,@armoriq/armorclaw,npm,0
2025-05-07,@armoriq/armorclaw,npm,0
2025-05-08,@armoriq/armorclaw,npm,0
2025-05-09,@armoriq/armorclaw,npm,0
2025-05-10,@armoriq/armorclaw,npm,0
2025-05-11,@armoriq/armorclaw,npm,0
2025-05-12,@armoriq/armorclaw,npm,0
2025-05-13,@armoriq/armorclaw,npm,0
2025-05-14,@armoriq/armorclaw,npm,0
2025-05-15,@armoriq/armorclaw,npm,0
2025-05-16,@armoriq/armorclaw,npm,0
2025-05-17,@armoriq/armorclaw,npm,0
2025-05-18,@armoriq/armorclaw,npm,0
2025-05-19,@armoriq/armorclaw,npm,0
2025-05-20,@armoriq/armorclaw,npm,0
2025-05-21,@armoriq/armorclaw,npm,0
2025-05-22,@armoriq/armorclaw,npm,0
2025-05-23,@armoriq/armorclaw,npm,0
2025-05-24,@armoriq/armorclaw,npm,0
2025-05-25,@armoriq/armorclaw,npm,0
2025-05-26,@armoriq/armorclaw,npm,0
2025-05-27,@armoriq/armorclaw,npm,0
2025-05-28,@armoriq/armorclaw,npm,0
2025-05-29,@armoriq/armorclaw,npm,0
2025-05-30,@armoriq/armorclaw,npm,0
2025-05-31,@armoriq/armorclaw,npm,0
2025-06-01,@armoriq/armorclaw,npm,0
2025-06-02,@armoriq/armorclaw,npm,0
2025-06-03,@armoriq/armorclaw,npm,0
2025-06-04,@armoriq/armorclaw,npm,0
2025-06-05,@armoriq/armorclaw,npm,0
2025-06-06,@armoriq/armorclaw,npm,0
2025-06-07,@armoriq/armorclaw,npm,0
2025-06-08,@armoriq/armorclaw,npm,0
2025-06-09,@armoriq/armorclaw,npm,0
2025-06-10,@armoriq/armorclaw,npm,0
2025-06-11,@armoriq/armorclaw,npm,0
2025-06-12,@armoriq/armorclaw,npm,0
2025-06-13,@armoriq/armorclaw,npm,0
2025-06-14,@armoriq/armorclaw,npm,0
2025-06-15,@armoriq/armorclaw,npm,0
2025-06-16,@armoriq/armorclaw,npm,0
2025-06-17,@armoriq/armorclaw,npm,0
2025-06-18,@armoriq/armorclaw,npm,0
2025-06-19,@armoriq/armorclaw,npm,0
2025-06-20,@armoriq/armorclaw,npm,0
2025-06-21,@armoriq/armorclaw,npm,0
2025-06-22,@armoriq/armorclaw,npm,0
2025-06-23,@armoriq/armorclaw,npm,0
2025-06-24,@armoriq/armorclaw,npm,0
2025-06-25,@armoriq/armorclaw,npm,0
2025-06-26,@armoriq/armorclaw,npm,0
2025-06-27,@armoriq/armorclaw,npm,0
2025-06-28,@armoriq/armorclaw,npm,0
2025-06-29,@armoriq/armorclaw,npm,0
2025-06-30,@armoriq/armorclaw,npm,0
2025-07-01,@armoriq/armorclaw,npm,0
2025-07-02,@armoriq/armorclaw,npm,0
2025-07-03,@armoriq/armorclaw,npm,0
2025-07-04,@armoriq/armorclaw,npm,0
2025-07-05,@armoriq/armorclaw,npm,0
2025-07-06,@armoriq/armorclaw,npm,0
2025-07-07,@armoriq/armorclaw,npm,0
2025-07-08,@armoriq/armorclaw,npm,0
2025-07-09,@armoriq/armorclaw,npm,0
2025-07-10,@armoriq/armorclaw,npm,0
2025-07-11,@armoriq/armorclaw,npm,0
2025-07-12,@armoriq/armorclaw,npm,0
2025-07-13,@armoriq/armorclaw,npm,0
2025-07-14,@armoriq/armorclaw,npm,0
2025-07-15,@armoriq/armorclaw,npm,0
2025-07-16,@armoriq/armorclaw,npm,0
2025-07-17,@armoriq/armorclaw,npm,0
2025-07-18,@armoriq/armorclaw,npm,0
2025-07-19,@armoriq/armorclaw,npm,0
2025-07-20,@armoriq/armorclaw,npm,0
2025-07-21,@armoriq/armorclaw,npm,0
2025-07-22,@armoriq/armorclaw,npm,0
2025-07-23,@armoriq/armorclaw,npm,0
2025-07-24,@armoriq/armorclaw,npm,0
2025-07-25,@armoriq/armorclaw,npm,0
2025-07-26,@armoriq/armorclaw,npm,0
2025-07-27,@armoriq/armorclaw,npm,0
2025-07-28,@armoriq/armorclaw,npm,0
2025-07-29,@armoriq/armorclaw,npm,0
2025-07-30,@armoriq/armorclaw,npm,0
2025-07-31,@armoriq/armorclaw,npm,0
2025-08-01,@armoriq/armorclaw,npm,0
2025-08-02,@armoriq/armorclaw,npm,0
2025-08-03,@armoriq/armorclaw,npm,0
2025-08-04,@armoriq/armorclaw,npm,0
2025-08-05,@armoriq/armorclaw,npm,0
2025-08-06,@armoriq/armorclaw,npm,0
2025-08-07,@armoriq/armorclaw,npm,0
2025-08-08,@armoriq/armorclaw,npm,0
2025-08-09,@armoriq/armorclaw,npm,0
2025-08-10,@armoriq/armorclaw,npm,0
2025-08-11,@armoriq/armorclaw,npm,0
2025-08-12,@armoriq/armorclaw,npm,0
2025-08-13,@armoriq/armorclaw,npm,0
2025-08-14,@armoriq/armorclaw,npm,0
2025-08-15,@armoriq/armorclaw,npm,0
2025-08-16,@armoriq/armorclaw,npm,0
2025-08-17,@armoriq/armorclaw,npm,0
2025-08-18,@armoriq/armorclaw,npm,0
2025-08-19,@armoriq/armorclaw,npm,0
2025-08-20,@armoriq/armorclaw,npm,0
2025-08-21,@armoriq/armorclaw,npm,0
2025-08-22,@armoriq/armorclaw,npm,0
2025-08-23,@armoriq/armorclaw,npm,0
2025-08-24,@armoriq/armorclaw,npm,0
2025-08-25,@armoriq/armorclaw,npm,0
2025-08-26,@armoriq/armorclaw,npm,0
2025-08-27,@armoriq/armorclaw,npm,0
2025-08-28,@armoriq/armorclaw,npm,0
2025-08-29,@armoriq/armorclaw,npm,0
2025-08-30,@armoriq/armorclaw,npm,0
2025-08-31,@armoriq/armorclaw,npm,0
2025-09-01,@armoriq/armorclaw,npm,0
2025-09-02,@armoriq/armorclaw,npm,0
2025-09-03,@armoriq/armorclaw,npm,0
2025-09-04,@armoriq/armorclaw,npm,0
2025-09-05,@armoriq/armorclaw,npm,0
2025-09-06,@armoriq/armorclaw,npm,0
2025-09-07,@armoriq/armorclaw,npm,0
2025-09-08,@armoriq/armorclaw,npm,0
2025-09-09,@armoriq/armorclaw,npm,0
2025-09-10,@armoriq/armorclaw,npm,0
2025-09-11,@armoriq/armorclaw,npm,0
2025-09-12,@armoriq/armorclaw,npm,0
2025-09-13,@armoriq/armorclaw,npm,0
2025-09-14,@armoriq/armorclaw,npm,0
2025-09-15,@armoriq/armorclaw,npm,0
2025-09-16,@armoriq/armorclaw,npm,0
2025-09-17,@armoriq/armorclaw,npm,0
2025-09-18,@armoriq/armorclaw,npm,0
2025-09-19,@armoriq/armorclaw,npm,0
2025-09-20,@armoriq/armorclaw,npm,0
2025-09-21,@armoriq/armorclaw,npm,0
2025-09-22,@armoriq/armorclaw,npm,0
2025-09-23,@armoriq/armorclaw,npm,0
2025-09-24,@armoriq/armorclaw,npm,0
2025-09-25,@armoriq/armorclaw,npm,0
2025-09-26,@armoriq/armorclaw,npm,0
2025-09-27,@armoriq/armorclaw,npm,0
2025-09-28,@armoriq/armorclaw,npm,0
2025-09-29,@armoriq/armorclaw,npm,0
2025-09-30,@armoriq/armorclaw,npm,0
2025-10-01,@armoriq/armorclaw,npm,0
2025-10-02,@armoriq/armorclaw,npm,0
2025-10-03,@armoriq/armorclaw,npm,0
2025-10-04,@armoriq/armorclaw,npm,0
2025-10-05,@armoriq/armorclaw,npm,0
2025-10-06,@armoriq/armorclaw,npm,0
2025-10-07,@armoriq/armorclaw,npm,0
2025-10-08,@armoriq/armorclaw,npm,0
2025-10-09,@armoriq/armorclaw,npm,0
2025-10-10,@armoriq/armorclaw,npm,0
2025-10-11,@armoriq/armorclaw,npm,0
2025-10-12,@armoriq/armorclaw,npm,0
2025-10-13,@armoriq/armorclaw,npm,0
2025-10-14,@armoriq/armorclaw,npm,0
2025-10-15,@armoriq/armorclaw,npm,0
2025-10-16,@armoriq/armorclaw,npm,0
2025-10-17,@armoriq/armorclaw,npm,0
2025-10-18,@armoriq/armorclaw,npm,0
2025-10-19,@armoriq/armorclaw,npm,0
2025-10-20,@armoriq/armorclaw,npm,0
2025-10-21,@armoriq/armorclaw,npm,0
2025-10-22,@armoriq/armorclaw,npm,0
2025-10-23,@armoriq/armorclaw,npm,0
2025-10-24,@armoriq/armorclaw,npm,0
2025-10-25,@armoriq/armorclaw,npm,0
2025-10-26,@armoriq/armorclaw,npm,0
2025-10-27,@armoriq/armorclaw,npm,0
2025-10-28,@armoriq/armorclaw,npm,0
2025-10-29,@armoriq/armorclaw,npm,0
2025-10-30,@armoriq/armorclaw,npm,0
2025-10-31,@armoriq/armorclaw,npm,0
2025-11-01,@armoriq/armorclaw,npm,0
2025-11-02,@armoriq/armorclaw,npm,0
2025-11-03,@armoriq/armorclaw,npm,0
2025-11-04,@armoriq/armorclaw,npm,0
2025-11-05,@armoriq/armorclaw,npm,0
2025-11-06,@armoriq/armorclaw,npm,0
2025-11-07,@armoriq/armorclaw,npm,0
2025-11-08,@armoriq/armorclaw,npm,0
2025-11-09,@armoriq/armorclaw,npm,0
2025-11-10,@armoriq/armorclaw,npm,0
2025-11-11,@armoriq/armorclaw,npm,0
2025-11-12,@armoriq/armorclaw,npm,0
2025-11-13,@armoriq/armorclaw,npm,0
2025-11-14,@armoriq/armorclaw,npm,0
2025-11-15,@armoriq/armorclaw,npm,0
2025-11-16,@armoriq/armorclaw,npm,0
2025-11-17,@armoriq/armorclaw,npm,0
2025-11-18,@armoriq/armorclaw,npm,0
2025-11-19,@armoriq/armorclaw,npm,0
2025-11-20,@armoriq/armorclaw,npm,0
2025-11-21,@armoriq/armorclaw,npm,0
2025-11-22,@armoriq/armorclaw,npm,0
2025-11-23,@armoriq/armorclaw,npm,0
2025-11-24,@armoriq/armorclaw,npm,0
2025-11-25,@armoriq/armorclaw,npm,0
2025-11-26,@armoriq/armorclaw,npm,0
2025-11-27,@armoriq/armorclaw,npm,0
2025-11-28,@armoriq/armorclaw,npm,0
2025-11-29,@armoriq/armorclaw,npm,0
2025-11-30,@armoriq/armorclaw,npm,0
2025-12-01,@armoriq/armorclaw,npm,0
2025-12-02,@armoriq/armorclaw,npm,0
2025-12-03,@armoriq/armorclaw,npm,0
2025-12-04,@armoriq/armorclaw,npm,0
2025-12-05,@armoriq/armorclaw,npm,0
2025-12-06,@armoriq/armorclaw,npm,0
2025-12-07,@armoriq/armorclaw,npm,0
2025-12-08,@armoriq/armorclaw,npm,0
2025-12-09,@armoriq/armorclaw,npm,0
2025-12-10,@armoriq/armorclaw,npm,0
2025-12-11,@armoriq/armorclaw,npm,0
2025-12-12,@armoriq/armorclaw,npm,0
2025-12-13,@armoriq/armorclaw,npm,0
2025-12-14,@armoriq/armorclaw,npm,0
2025-12-15,@armoriq/armorclaw,npm,0
2025-12-16,@armoriq/armorclaw,npm,0
2025-12-17,@armoriq/armorclaw,npm,0
2025-12-18,@armoriq/armorclaw,npm,0
2025-12-19,@armoriq/armorclaw,npm,0
2025-12-20,@armoriq/armorclaw,npm,0
2025-12-21,@armoriq/armorclaw,npm,0
2025-12-22,@armoriq/armorclaw,npm,0
2025-12-23,@armoriq/armorclaw,npm,0
2025-12-24,@armoriq/armorclaw,npm,0
2025-12-25,@armoriq/armorclaw,npm,0
2025-12-26,@armoriq/armorclaw,npm,0
2025-12-27,@armoriq/armorclaw,npm,0
2025-12-28,@armoriq/armorclaw,npm,0
2025-12-29,@armoriq/armorclaw,npm,0
2025-12-30,@armoriq/armorclaw,npm,0
2025-12-31,@armoriq/armorclaw,npm,0
2026-01-01,@armoriq/armorclaw,npm,0
2026-01-02,@armoriq/armorclaw,npm,0
2026-01-03,@armoriq/armorclaw,npm,0
2026-01-04,@armoriq/armorclaw,npm,0
2026-01-05,@armoriq/armorclaw,npm,0
2026-01-06,@armoriq/armorclaw,npm,0
2026-01-07,@armoriq/armorclaw,npm,0
2026-01-08,@armoriq/armorclaw,npm,0
2026-01-09,@armoriq/armorclaw,npm,0
2026-01-10,@armoriq/armorclaw,npm,0
2026-01-11,@armoriq/armorclaw,npm,0
2026-01-12,@armoriq/armorclaw,npm,0
2026-01-13,@armoriq/armorclaw,npm,0
2026-01-14,@armoriq/armorclaw,npm,0
2026-01-15,@armoriq/armorclaw,npm,0
2026-01-16,@armoriq/armorclaw,npm,0
2026-01-17,@armoriq/armorclaw,npm,0
2026-01-18,@armoriq/armorclaw,npm,0
2026-01-19,@armoriq/armorclaw,npm,0
2026-01-20,@armoriq/armorclaw,npm,0
2026-01-21,@armoriq/armorclaw,npm,0
2026-01-22,@armoriq/armorclaw,npm,0
2026-01-23,@armoriq/armorclaw,npm,0
2026-01-24,@armoriq/armorclaw,npm,0
2026-01-25,@armoriq/armorclaw,npm,0
2026-01-26,@armoriq/armorclaw,npm,0
2026-01-27,@armoriq/armorclaw,npm,0
2026-01-28,@armoriq/armorclaw,npm,0
2026-01-29,@armoriq/armorclaw,npm,0
2026-01-30,@armoriq/armorclaw,npm,0
2026-01-31,@armoriq/armorclaw,npm,0
2026-02-01,@armoriq/armorclaw,npm,0
2026-02-02,@armoriq/armorclaw,npm,0
2026-02-03,@armoriq/armorclaw,npm,0
2026-02-04,@armoriq/armorclaw,npm,0
2026-02-05,@armoriq/armorclaw,npm,0
2026-02-06,@armoriq/armorclaw,npm,0
2026-02-07,@armoriq/armorclaw,npm,0
2026-02-08,@armoriq/armorclaw,npm,0
2026-02-09,@armoriq/armorclaw,npm,0
2026-02-10,@armoriq/armorclaw,npm,0
2026-02-11,@armoriq/armorclaw,npm,0
2026-02-12,@armoriq/armorclaw,npm,0
2026-02-13,@armoriq/armorclaw,npm,0
2026-02-14,@armoriq/armorclaw,npm,0
2026-02-15,@armoriq/armorclaw,npm,0
2026-02-16,@armoriq/armorclaw,npm,0
2026-02-17,@armoriq/armorclaw,npm,29
2026-02-18,armoriq-sdk,pypi,18
2026-02-18,@armoriq/sdk,npm,0
2026-02-18,armoriq-openclaw-plugin,npm,0
2026-02-18,@armoriq/armorclaw,npm,0
2026-02-19,armoriq/armorclaw,github_stars,2
2026-02-19,armoriq/armorclaw,github_forks,0
2026-02-19,armoriq/armorclaw,github_open_issues,1
2026-02-19,armoriq/armoriq-sdk-customer,github_stars,1
2026-02-19,armoriq/armoriq-sdk-customer,github_forks,1
2026-02-19,armoriq/armoriq-sdk-customer,github_open_issues,0
2026-02-19,armoriq/conmap,github_stars,1
2026-02-19,armoriq/conmap,github_forks,1
2026-02-19,armoriq/conmap,github_open_issues,3
